"DivOff","DivVA","TD2VA","TD2RVA"
"0x289000","0x1C2D2DF9000","0x7FF78AADF080","0x260F080"
"0x2A32B0","0x1C2D2E132B0","0x7FF7884D0000","0x0"
"0x2A4D08","0x1C2D2E14D08","0x7FF788949500","0x479500"
"0x2A4D30","0x1C2D2E14D30","0x7FF78930E300","0xE3E300"
"0x2A4D40","0x1C2D2E14D40","0x7FF789F396CE","0x1A696CE"
"0x2A4D70","0x1C2D2E14D70","0x7FF78A0A9338","0x1BD9338"
"0x2A4DA0","0x1C2D2E14DA0","0x7FF78A0A932C","0x1BD932C"
"0x2A4DD0","0x1C2D2E14DD0","0x7FF78A0A9323","0x1BD9323"
"0x2A4E00","0x1C2D2E14E00","0x7FF78A0A9313","0x1BD9313"
"0x2A4E38","0x1C2D2E14E38","0x7FF788A37200","0x567200"
"0x2A4E40","0x1C2D2E14E40","0x7FF788A73840","0x5A3840"
"0x2A4E60","0x1C2D2E14E60","0x7FF7897C2E80","0x12F2E80"
"0x2A4E68","0x1C2D2E14E68","0x7FF78A5B34D0","0x20E34D0"
"0x2A4E80","0x1C2D2E14E80","0x7FF789733290","0x1263290"
"0x2A4E88","0x1C2D2E14E88","0x7FF78AA89780","0x25B9780"
"0x2A4E90","0x1C2D2E14E90","0x7FF78AAD11F0","0x26011F0"
"0x2A4E98","0x1C2D2E14E98","0x7FF78AA078B0","0x25378B0"
"0x2A4EA0","0x1C2D2E14EA0","0x7FF78AD9C6B0","0x28CC6B0"
"0x2A4EA8","0x1C2D2E14EA8","0x7FF789E6E370","0x199E370"
"0x2A4EB0","0x1C2D2E14EB0","0x7FF789EBA440","0x19EA440"
"0x2A4EB8","0x1C2D2E14EB8","0x7FF7895503C0","0x10803C0"
"0x2A4EC0","0x1C2D2E14EC0","0x7FF78AA930F0","0x25C30F0"
"0x2A4EC8","0x1C2D2E14EC8","0x7FF78A9D73E0","0x25073E0"
"0x2A4ED0","0x1C2D2E14ED0","0x7FF78AE55850","0x2985850"
"0x2A4ED8","0x1C2D2E14ED8","0x7FF7894E1D80","0x1011D80"
"0x2A4EE0","0x1C2D2E14EE0","0x7FF7885710F0","0xA10F0"
"0x2A4EE8","0x1C2D2E14EE8","0x7FF78A9DE4E0","0x250E4E0"
"0x2A4EF0","0x1C2D2E14EF0","0x7FF78AAD0C10","0x2600C10"
"0x2A4F50","0x1C2D2E14F50","0x7FF78972A410","0x125A410"
"0x2A4F58","0x1C2D2E14F58","0x7FF788645810","0x175810"
"0x2A4F60","0x1C2D2E14F60","0x7FF7896EDFB0","0x121DFB0"
"0x2A4F68","0x1C2D2E14F68","0x7FF78A6C3BD0","0x21F3BD0"
"0x2A4F70","0x1C2D2E14F70","0x7FF78A6C3D50","0x21F3D50"
"0x2A5378","0x1C2D2E15378","0x7FF78A09FCD0","0x1BCFCD0"
"0x2A5398","0x1C2D2E15398","0x7FF789664180","0x1194180"
"0x2A53A0","0x1C2D2E153A0","0x7FF789D75F00","0x18A5F00"
"0x2A53A8","0x1C2D2E153A8","0x7FF789F458E0","0x1A758E0"
